<?xml version="1.0" encoding="ISO-8859-15"?>
<!--
  Licensed to the Apache Software Foundation (ASF) under one
  or more contributor license agreements.  See the NOTICE file
  distributed with this work for additional information
  regarding copyright ownership.  The ASF licenses this file
  to you under the Apache License, Version 2.0 (the
  "License"); you may not use this file except in compliance
  with the License.  You may obtain a copy of the License at

    http://www.apache.org/licenses/LICENSE-2.0

  Unless required by applicable law or agreed to in writing,
  software distributed under the License is distributed on an
  "AS IS" BASIS, WITHOUT WARRANTIES OR CONDITIONS OF ANY
  KIND, either express or implied.  See the License for the
  specific language governing permissions and limitations
  under the License.
-->
<!DOCTYPE document PUBLIC "-//APACHE//DTD Documentation V2.0//EN" "http://forrest.apache.org/dtd/document-v20.dtd">
<document> 
  <header> 
    <title>Where to download DdlUtils</title> 
  </header> 
  <body> 
    <section>
      <title>DdlUtils' Releases</title>
      <p>
        These are the currently released artifacts:
      </p>
      <table>
        <tr>
          <th>Version</th>
          <th>Binary</th>
          <th>Library JAR</th>
          <th>Source</th>
          <th>Documentation</th>
        </tr>
        <tr>
          <td>
            <a href="http://www.apache.org/dyn/closer.cgi/db/ddlutils/ddlutils-1.0/">DdlUtils 1.0</a>
          </td>
          <td>
            <a href="http://www.apache.org/dyn/closer.cgi/db/ddlutils/ddlutils-1.0/binaries/DdlUtils-1.0-bin.zip">ZIP</a><br/>
            <a href="http://www.apache.org/dist/db/ddlutils/ddlutils-1.0/binaries/DdlUtils-1.0-bin.zip.asc">Signature</a>&nbsp;
            <a href="http://www.apache.org/dist/db/ddlutils/ddlutils-1.0/binaries/DdlUtils-1.0-bin.zip.md5">MD5</a>&nbsp;
            <a href="http://www.apache.org/dist/db/ddlutils/ddlutils-1.0/binaries/DdlUtils-1.0-bin.zip.sha">SHA1</a>&nbsp;
          </td>
          <td>
            <a href="http://www.apache.org/dyn/closer.cgi/db/ddlutils/ddlutils-1.0/binaries/DdlUtils-1.0.jar">JAR</a><br/>
            <a href="http://www.apache.org/dist/db/ddlutils/ddlutils-1.0/binaries/DdlUtils-1.0.jar.asc">Signature</a>&nbsp;
            <a href="http://www.apache.org/dist/db/ddlutils/ddlutils-1.0/binaries/DdlUtils-1.0.jar.md5">MD5</a>&nbsp;
            <a href="http://www.apache.org/dist/db/ddlutils/ddlutils-1.0/binaries/DdlUtils-1.0.jar.sha">SHA1</a>&nbsp;
          </td>
          <td>
            <a href="http://www.apache.org/dyn/closer.cgi/db/ddlutils/ddlutils-1.0/source/DdlUtils-1.0-src.zip">ZIP</a><br/>
            <a href="http://www.apache.org/dist/db/ddlutils/ddlutils-1.0/source/DdlUtils-1.0-src.zip.asc">Signature</a>&nbsp;
            <a href="http://www.apache.org/dist/db/ddlutils/ddlutils-1.0/source/DdlUtils-1.0-src.zip.md5">MD5</a>&nbsp;
            <a href="http://www.apache.org/dist/db/ddlutils/ddlutils-1.0/source/DdlUtils-1.0-src.zip.sha">SHA1</a>&nbsp;
          </td>
          <td>
            <a href="http://www.apache.org/dyn/closer.cgi/db/ddlutils/ddlutils-1.0/doc/DdlUtils-1.0-doc.zip">ZIP</a><br/>
            <a href="http://www.apache.org/dist/db/ddlutils/ddlutils-1.0/doc/DdlUtils-1.0-doc.zip.asc">Signature</a>&nbsp;
            <a href="http://www.apache.org/dist/db/ddlutils/ddlutils-1.0/doc/DdlUtils-1.0-doc.zip.md5">MD5</a>&nbsp;
            <a href="http://www.apache.org/dist/db/ddlutils/ddlutils-1.0/doc/DdlUtils-1.0-doc.zip.sha">SHA1</a>&nbsp;
          </td>
        </tr>
      </table>
      <p>
        You can find the KEYS file containing the public keys for verifying the signature here:
        <a href="http://www.apache.org/dist/db/ddlutils/KEYS">KEYS</a><br/>
      </p>
    </section>
    <section>
      <title>Getting the source from the source repository</title>
      <p>
        Instructions on how to access the DdlUtils' source repository can be found <a href="site:download/svn-info">here</a>.
      </p>
    </section>
  </body>
</document>
